Titel;Datum;Transkribus-ID;Lage im Ordner;Transkription-Status;Tags;Dokumententyp;
"Erbe ""Walter""";1925 - 1943;6478650;1;Teilweise GT;Ja;Brief;
Feldpost;1942;6478651;2;GT;Ja;Postkarte;
Testament Gustav Will ;1931-1932;6478652;3;GT;Ja;Brief;
Jahresplanung 1941-1944;1941 - 1944;6478517;4;Done;ja;Protokoll;
Aktivmitglieder;01.01.1944;6478535;5;Done;Ja;Protokoll;
50 Jähriges Bestehen (Jubiläum);28.07.1944;6478887;6;GT;Ja;Brief;
NS-Chorstrukturen;31.05.1944;6478888;7;GT;Ja;Brief;
Neueinteilung der Sängerkreise;01.03.1944;6478907;8;GT;Ja;Brief;
Elternnachmittag;23.02.1944;6478947;9;GT;Ja;Brief;
Feuerversicherung;01.02.1944;6478948;10;Done;Ja;Rechnung;
60ster Geburtstag Hans Habig;23.01.1944;6478967;11;GT;Ja;Brief;
"Absage ""Schwarz""";02.01.1944;6478987;12;GT;Ja;Brief;
Tagesordnung Neujahrstreffen (NJT) 1944;01.01.1944;6479007;13;GT;Ja;Protokoll;
50 Jährige Mitgliedschaft (Jubiläum);29.12.1943;6479027;14;GT;Ja;Brief;
Organisatorisches Neujahrstreffen (NJT) 1944;29.12.2943;6478949;15;GT;Ja;Protokoll;
Soldatenpäckchen;03.12.1943;6478891;16;GT;Ja;Brief;
Herzlichen Dank - Jakob Küpfer;17.10.1943;6479107;17;GT;Ja;Brief;
"""Heldentod"" Theodor Enderle";23.10.1943;6479008;18;GT;Ja;Brief;
Goldene Hochzeit Küpfer;22.10.1943;6478910;19;GT;Ja;Brief;
Verbot von Beitragszahlungen?;20.10.1943;6478911;20;GT;Ja;Brief;
Kondolenz Theodor Enderle;12.10.1943;6478988;21;GT;Ja;Brief;
Besprechung Beerdigung Strittmatter mit Unterschriften;02.09.1943;6478955;22;GT;Ja;Protokoll;
Deutscher Sänger Bund (DSB) - Anordnung 1943;10.08.1943;6478956;23;GT;Ja;Brief;
Beerdigung Albert Hirtler;10.07.1943;6478892;24;GT;Ja;Protokoll;
Spende Ehrenführer zum 50-Jährigen Jubiläum;14.05.1943;6479029;25;GT;Ja;Brief;
Leo Deck Austritt;27.01.1943;6478991;26;GT;Ja;Brief;
Beerdigung Carl Burger;14.02.1943;6479030;27;GT;Ja;Brief;
Tagesordnung Neujahrstreffen (NJT) 1943;undatiert;6479034;28;Done;Ja;Protokoll;
Anwesenheitsliste Neujahrstreffen;undatiert (01.01.1943);6478957;29;Done;Nein;Protokoll;
Einladung Neujahrstreffen 1943;31.12.1942;6479051;30;Done;Ja;Protokoll;
Goldene Sängernadel;30.12.1942;6479052;31;GT;Ja;Brief;
"Spende von ""Binkert""";10.11.1942;6478963;32;GT;Ja;Brief;
"70ster Geburtstag ""Binkert""";10.11.1942;6479038;33;GT;Ja;Brief;
"Geburtstag in ""alkoholarmen Zeiten""";08.11.1942;6478964;34;GT;Ja;Brief;
"silberne Hochzeit ""Haiss""";24.10.1942;6479039;35;GT;Ja;Brief;
Kein Tenor I mehr, keine Auftritte;17.10.1942;6490236;36;GT;Ja;Brief;
Ständchen Hochzeit Schlageter;14.10.1942;6490205;37;GT;Ja;Brief;
DSB-Verkündigung Gau Baden;03.10.1942;6490204;38;GT;Ja;Brief;
Entschuldigung Fritz Jung;01.10.1942;6490215;39;GT;Ja;Brief;
Brief aus Königshütte (Ober-Schlesien);30.09.1942;6490203;40;GT;Ja;Postkarte;
Telegram Hochzeit Schlageter;25.09.1942;6490235;41;GT;Ja;Brief;
ordentlicher Gausängertag, Karlsruhe;12.09.1942;6490202;42;GT;Ja;Brief;
fehlender Stuhl für Fritz;03.08.1942;6490201;43;GT;Ja;Brief;
Entschuldigung Fritz Jung II;23.07.1942;6490200;44;GT;Ja;Brief;
Stuhl-Schreiben Fritz I;23.07.1942;6490214;45;GT;Ja;Brief;
Stuhl-Schreiben Fritz II;23.07.1942;6490234;46;GT;Ja;Brief;
Gedenken gefallener Kameraden;01.03.1942;6490199;47;GT;Ja;Brief;
Tagesordnung Neujahrstreffen (NJT) 1942;undatiert (01.01.1942);6490198;48;Done;Ja;Protokoll;
40-Jährige Mitgliedschaft;31.12.1941;6490233;49;GT;Ja;Brief;
Weihnachtsgeschenk Chorleiter;24.12.1941;6490232;50;GT;Ja;Brief;
Rückerstattung 45 Pfennig;18.12.1941;6490231;51;GT;Ja;Brief;
Brief Carl II;12.12.1941;6490197;52;GT;Ja;Brief;
Brief Carl I;10.12.1941;6490213;53;GT;Ja;Brief;
Brief an Theodor;08.12.1941;6490196;54;GT;Ja;Brief;
Brief betreffend Liedspende;08.12.1941;6490212;55;GT;Ja;Brief;
Brief an Richard (Laule?);undatiert;6490230;56;GT;Ja;Brief;
Dank an Richard Laule für 5 Liter Obstschnaps;17.11.1941;6490211;57;GT;Ja;Brief;
handschriftlicher Brief von Carl an Alfons;16.11.1941;6490195;58;GT;Ja;Brief;
Absage Schnaps aus Herrischried;14.11.1941;6490194;59;GT;Ja;Brief;
handschriftliche Anfrage für Schnaps an Laule;07.11.1941;6490210;60;GT;Ja;Brief;
Brief Carl wegen Schnaps-Magel;06.11.1941;6490193;61;GT;Ja;Brief;
Anfrage Obstschnaps Herrischried;05.11.1941;6490209;62;GT;Ja;Brief;
Nur Obstschnaps für Soldaten;05.11.1941;6490172;63;GT;Ja;Brief;
Strategie Bürgermeister Herrischried, keine Ansprüche -> einschmeicheln;04.11.1941;6490208;64;GT;Ja;Brief;
Antwort M.G.V. Hochfirst (Neustadt);03.11.1941;6490229;65;GT;Ja;Brief;
Anfrage an Carl Burger Schnaps besorgen;01.11.1941;6490228;66;GT;Ja;Brief;
Anfrage an Richard Laule Schnaps besorgen;01.11.1941;6490171;67;GT;Ja;Brief;
"Anfrage Hochstein-Verlag: ""Das alte Lied""";01.11.1941;6490227;68;GT;Ja;Brief;
"Absage von 400 Stumpen durch ""Weber""";31.10.1941;6490126;69;GT;Ja;Brief;
Dankesschreiben an Küpfer für 100 Reichsmark Spende;27.10.1941;6490207;70;GT;Ja;Brief;
Anfrage Stumpen über Mutter an Schlageter;27.10.1941;6489766;71;Done;Ja;Brief;
Handschrift von Küpfer an Zimmermann;24.10.1941;6489765;72;Done;Ja;Brief;
Anfrage M.G.V. Hochfirst (Neustadt) für Lied;19.09.1941;6490192;73;Done;Ja;Brief;
Ehrungs-Antrag;19.09.1941;6490191;74;Done;Ja;Brief;
"Bestellung bei Hochstein-Verlag (""Haimet am Hochrhy)";19.09.1941;6490190;75;Done;Ja;Brief;
handschriftlicher Brief von Carl an Alfons;15.08.1941;6490125;76;Done;Ja;Brief;
Beerdigung Alfred Brutsche;14.06.1941;6489764;77;Done;Ja;Protokoll;
Liebesbrief von Lina Fingerdick an Otto Bolliger z.H. Alfons Zimmermann;24.10.1941;6489763;78;Done;Ja;Postkarte;
Postkarte, Motiv: Gasthaus zum Hirschen, Menzenschwand;11.06.1941;6490123;79;Done;Ja;Postkarte;
Brief an Witwe Laule, Dank für Freibier;25.04.1941;6489762;80;Done;Ja;Brief;
Hauptversammlung Sängerkreis 2 in Tiengen;15.02.1941;6489761;81;Done;Ja;Brief;
keine Anschaffung Sängerring;18.01.1941;6490133;82;Done;Ja;Brief;
Tagesordnung Neujahrstreffen (NJT) 1941;undatiert (01.01.1941);6490122;83;Done;Ja;Protokoll;
Einladung Paul Malzacher zum  Neujahrstreffen (NJT);31.12.1940;6490121;84;Done;Ja;Brief;
Einladung Karl Preiser zum  Neujahrstreffen (NJT);31.12.1940;6490120;85;Done;Ja;Brief;
Einladung Huber in Chor und zum  Neujahrstreffen (NJT);28.12.1940;6490119;86;Done;Ja;Brief;
Einladung Holzapfel in Chor und zum  Neujahrstreffen (NJT);28.12.1940;6490132;87;Done;Ja;Brief;
Einladung M.G.V. Laufenburg zu  Neujahrstreffen (NJT);28.12.1940;6489760;88;Done;Ja;Brief;
Brief an Eduard, Agenda letzte Probe;16.12.1940;6490170;89;Done;Ja;Brief;
Dank an Mutter für Stumpen;16.12.1940;6490118;90;Done;Ja;Brief;
Anfrage Sängerring Heidelberg;14.12.1940;6489826;91;Done;Ja;Brief;
Anfrage Sängerring Pforzheim;14.12.1940;6490117;92;Done;Ja;Brief;
Ehrungs-Antrag;09.12.1940;6490189;93;Done;Ja;Brief;
Rückmeldung Ehrennadel aus Pforzheim;07.12.1940;6490188;94;Done;Ja;Offerte;
Anfrage Ehrennadel & Ring für Albiez;06.12.1940;6490187;95;Done;Ja;Brief;
Programmbegleitung für Film;15.10.1940;6490169;96;Done;Ja;Brief;
Antwort auf Brief von Weiss;11.10.1940;6490168;97;Done;Ja;Brief;
Nachfrage zur Zusage zur V.D.A (Kundgebung des Volksbundes für das Deutschtum im Ausland)(Weiss);03.10.1940;6489806;98;Done;Ja;Brief;
Einladung Kundgebung Volksbund für Deutschtum im Ausland durch Ortsleiter Weiss;03.09.1940;6490106;99;Done;Ja;Brief;
Anfrage Lieder Hochstein-Verlag;13.07.1940;6490105;100;Done;Ja;Brief;
Adressänderung Lieferadresse für die Süddeutsche Sängerzeitung;04.07.1940;6490104;101;Done;Ja;Brief;
Heimatbrief Gemeinde Murg I;01.04.1940;6489805;102;Done;Ja;Zeitungsartikel;
Heimatbrief Gemeinde Murg II;01.04.1940;6490167;103;Done;Ja;Zeitungsartikel;
Vereinbarung der Chöre Murg & Säckingen;12.04.1940;6490103;104;Done;Ja;Protokoll;
Einladung Konzert Murgtalsaal ;20.03.1940;6490026;105;Done;Ja;Regierungsdokument;
Einladungsnotiz (handschriftlich) Gemeindeverwaltung Murg;undatiert;6490102;106;Done;Ja;Brief;
Besprechung Osterkonzert;18.03.1940;6490025;107;Done;Ja;Regierungsdokument;
Dankesschreiben Spende Burger;04.03.1940;6490101;108;Done;Ja;Brief;
Brief von Carl an Alfons;02.03.1940;6489804;109;Überprüfen;Nein;Brief;
privater Brief von Alfons an Spender;29.02.1940;6489825;110;Done;Ja;Brief;
Brief an Kreismusikerschaft wegen fehlendem Dirigenten;21.02.1940;6490100;111;Done;Ja;Brief;
Alfons an Carl, Briefankunft;24.02.1940;6490099;112;Done;Ja;Brief;
Brief an Färberei von Frau Zimmermann;19.02.1940;6490098;113;Done;Ja;Brief;
Brief von Carl an Gesangsbrüder;18.02.1940;6490097;114;Überprüfen;Nein;Brief;
Brief von Carl an Alfons;18.02.1940;6490024;115;Überprüfen;Nein;Brief;
Absage Carl an Alfons;13.02.1940;6489803;116;Done;Ja;Brief;
Überredungsversuch Alfons an Carl;12.02.1940;6490131;117;Done;Ja;Brief;
Kreisversammlung in Laufenburg;08.02.1940;6490130;118;Done;Ja;Brief;
Otto Lythy wird Passivmitglied;16.01.1940;6490023;119;Done;Ja;Brief;
Bestandserhebung 1940;16.01.1940;6490096;120;Done;Ja;Brief;
Informationsbrief Bericht;15.01.1940;6489824;121;Done;Ja;Brief;
Dankesbrief an Bäcker Brutchy;15.01.1940;6490094;122;Done;Ja;Brief;
Alfons an Eduard;11.01.1940;6490129;123;Done;Ja;Brief;
Information zu Vorstand;09.01.1940;6490128;124;Done;Ja;Brief;
Beschwerdebrief Fritz Jung I;09.01.1940;6490022;125;Done;Ja;Brief;
Beschwerdebrief Fritz Jung II;09.01.1940;6490127;126;Done;Ja;Brief;
Bestätigung Ankunft Brief Jung;08.01.1940;6489801;127;Done;Ja;Brief;
kurzer Beschwerdebrief Jung;06.01.1940;6489800;128;Done;Ja;Brief;
Einladung Generalversammlung;04.01.1940;6490021;129;Done;Ja;Brief;
Nachfrage Vereinsführer an Jung;04.01.1940;6489799;130;Done;Ja;Brief;
Einladung Generalversammlung an NSDAP;04.01.1940;6490046;131;Done;Ja;Brief;
Einladung Generalversammlung an Bürgermeister;04.01.1940;6489798;132;Done;Ja;Brief;
Umadressierungsbitte an Postamt;22.12.1939;6490020;133;Done;Ja;Brief;
Dankesschreiben für Konzert;20.12.1939;6490093;134;Done;Ja;Brief;
Fragebogen an Chor;05.12.1939;6490045;135;Done;Ja;Regierungsdokument;
Tätigkeitsbericht Vereinsführer 1938/1939;31.12.1939;6489797;136;Done;Ja;Protokoll;
Bundesbeitrags-Erlassungsantrag;29.12.1939;6489823;137;Done;Ja;Brief;
Meldungsaufruf für Ehrenbuch des DSB;25.11.1939;6490092;138;Done;Ja;Regierungsdokument;
Teilnahmebestätigung an NSDAP Grosskundgebung;17.11.1939;6490116;139;Done;Ja;Brief;
Bitte der NSDAP um Aufrtritt;15.11.1939;6490115;140;Done;Ja;Brief;
Abschrift Gebühren für Tanzveranstaltungen;06.10.1939;6489822;141;Done;Ja;Regierungsdokument;
Antwort Vereinsführer an Jung (60. Geburtstag);10.10.1939;6490114;142;Done;Ja;Brief;
Fritz Jung zu seinem 60. Geburtstag (Geschenk);01.10.1939;6489821;143;Done;Ja;Brief;
Dank für Teilnahme an Bekanntmachung der NSDAP;30.09.1939;6490113;144;Done;Ja;Brief;
Bestätigung Teilnahme an NSDAP Veranstalung;26.09.1939;6490019;145;Done;Ja;Brief;
Bitte um Teilnahme an NSDAP Bekanntmachung;25.09.1939;6490018;146;Done;Ja;Brief;
Durchschlag Absage Sängerfest Binzgen;24.08.1939;6490112;147;Done;Ja;Brief;
Einladung Sängerfest Binzgen;16.08.1939;6490111;148;Überprüfen;Nein;Brief;
Durchschlag Bestätigung Bus-Reservierung;21.07.1939;6489819;149;Überprüfen;Nein;Brief;
Rundschreiben des Kreissängerführers;20.07.1939;6490110;150;Überprüfen;Nein;Brief;
Bitte um Neuzustellung Bestätigung Anmeldung III. Kreissängertag Sankt Blasien;undatiert;;151;;Nein;;
Bestätigung Anmeldung III. Kreissängertag Sankt Blasien;15.07.1939;;152;;Nein;;
Zeitungsberichte über die Sängerreise am 25.Juni 1939!;25.06.1939;;153;;Nein;;
Anmeldung bei Liederkranz Sankt Blasen und Wertungssingen;23.06.1939;;154;;Nein;;
Handschriftlicher Brief aus Rheinfelden;22.06.1939;;155;;Nein;;
Organisatorisches Abreise aus Todtnau;21.06.1939;;156;;Nein;;
Bitte um Teilnahme an Probe an Max Döbele;14.06.1939;;157;;Nein;;
Meldung neuer Kassierer an Bezirkssparkasse Murg-Laufenburg;12.06.1939;;158;;Nein;;
Bestellung Hotel und Kurhaus Goldene Krone;12.06.1939;;159;;Nein;;
Postkarte aus Holland;undatiert;;160;;Nein;;
Durchschlag Dankschreiben an Eheleute Cremer wegen Spende;12.06.1939;;161;;Nein;;
Handschriftlicher Notizzettel;10.06.1939;;162;;Nein;;
Bitte um Anmeldung Sängerfest Schwörstadt;02.06.1939;;163;;Nein;;
Handschriftliches Dankschreiben zur Teilnahme an Hochzeit;07.06.1939;;164;;Nein;;
Bitte um Teilnahme an Sängerfest in St. Blasen durch Sängerkreis Waldshut;06.06.1939;;165;;Nein;;
Dank durch Bürgermeister Murg für Teilnahme an goldener Hochzeit Cremer;31.05.1939;;166;;Nein;;
Bestätigung Teilnahme goldene Hochzeit Cremer an Bürgermeister Murg;27.05.1939;;167;;Nein;;
Bitte durch Bürgermeister Murg um Teilnahme an goldener Hochzeit Cremer;24.05.1939;;168;;Nein;;
Einladung 50. Stiftungsfest durch Männerchor Niederhof;undatiert;;169;;Nein;;
Handschriftlicher Brief aus Sankt Gallen von Paul an Alfons;22.05.1939;;170;;Nein;;
Absage des Männerchor Murg am Wertungssingen des Sängerkreises Waldshut ;15.05.1939;;171;;Nein;;
Bestätigung Auftrag Omnibusfahrt durch Fritz Zimmermann;undatiert;;172;;Nein;;
Annerkennung für Erstellung einer Gedenkmappe;15.05.1939;;173;;Nein;;
Gratulation an Paul Malzacher-Jauch zu Radioauftritt;14.05.1939;;174;;Nein;;
Absage Stiftungsfest an Männerchor Schwörstadt;11.05.1939;;175;;Nein;;
Planungen Sängerfahrt des Murger Männerchors am 25. Juni 1939;11.05.1939;;176;;Nein;;
Einladung Vorstandssitzung Männerchor Murg;06.11.1939;;177;;Nein;;
Ankündigung Zusammenstellung von Weihnachtspaketen für Soldaten;06.11.1939;;178;;Nein;;
Einladung Neujahrstreffen 1940;29.12.1939;;179;;Nein;;
Bitte um Offerte für Sängerfahrt von Franz Zimmermann;09.05.1939;;180;;Nein;;
Asal bittet um Stellungnahme zu Sängerfest St. Blasien;05.05.1939;;181;;Nein;;
Bitte um Teilnahme anStiftungsfest durch Männerchor Schwörstadt;05.05.1939;;182;;Nein;;
Stellungnahme Zimmermann an Asal zu Sängerfest St. Blasien;05.05.1939;;183;;Nein;;
Einladung Nachtessen durch Vereinsführer an Emil Huber ;15.04.1939;;184;;Nein;;
Einladung Nachtessen durch Vereinsführer an Frau des Richard Peter;15.04.1939;;185;;Nein;;
Einladung Nachtessen durch Vereinsführer an Fräulein Frieda Kaiser;15.04.1939;;186;;Nein;;
Offerte Fritz Zimmermann für Sängerfahrt ;28.05.1939;;187;;Nein;;
Entwurf neuer Vereinssatzungen und Diskussion zur Namensänderung des Männerchor Murg;23.03.1939;;188;;Nein;;
Handschriftliche Postkarte von Hans und Otto aus Hirschegg;11.03.1939;;189;;Nein;;
Planung von vier unterschiedlichen Touren für Sängerfahrt;22.03.1939;;190;;Nein;;
Ablehnung Ehrenvereinsfüherschaft Asal durch Sängergau Baden;01.03.1939;;191;;Nein;;
Bitte um Auskunft zu Ehrenvereinsfüherschaft Asal an Sängergau Baden;23.02.1939;;192;;Nein;;
Erlaubnis Öffentliche Tanzstunde durch Landrat (1939);09.02.1939;;193;;Nein;;
Bestellung von 300 Fastnachtsplaketten in Köln;31.01.1939;;194;;Nein;;
Bitte um Erlaubnis Öffentliche Tanzstunde durch Landrat (1939);31.01.1939;;195;;Nein;;
Bitte um Erlaubnis Öffentliche Tanzstunde durch Bürgermeisteramt Murg (1939);31.01.1939;;196;;Nein;;
Schriftlicher Rücktritt Asal als Vereinsführer;11.01.1939;;197;;Nein;;
Abmeldung Max Dübele von Singstunden;08.01.1939;;198;;Nein;;
Mitteilung des Rücktritt Asal als Vereinsführer an Zimmermann;02.01.1939;;199;;Nein;;
Erinnerung an Beitragszahlung für das Jahr 1938 an den Männergesangverein vom Sängerkreis Waldshut;23.07.1938;;200;;Nein;;
Bitte um Mitteilung der Tätigkeit im Winterhilfswerk;07.12.1938;;201;;Nein;;
Programm Männerchor Murg für Winterhilfswerk;undatiert;;202;;Nein;;
Dankesschreiben und Einladung zur Wiederholung des Herbstkonzerts für Winterhilfswerk;12.12.1938;;203;;Nein;;
Bekanntgabe der Wiederholung des Herbstkonzerts für Winterhilfswerk;12.12.1938;;204;;Nein;;
Einladung Probe Damenchor für gemischtes Herbstkonzert;27.09.1938;;205;;Nein;;
Widmung von 40 Sätzen „Essener Hammerlied“ durch Alfred Joop;20.10.1938;;206;;Nein;;
Aufführungsgenehmigung durch STAGMA (Staatlich genehmigte Gesellschaft zur Verwertung musikalischer Aufführungsrechte);13.10.1938;;207;;Nein;;
Bestätigung von 28 Teilnehmern bei 75. Jahrfeier Eintracht Karsau;20.06.1938;;208;;Nein;;
Bitte um Teilnahme durch Schweizerischer Hilfsverein;01.06.1938;;209;;Nein;;
Dankschreiben des Gesangverein 'Eintracht' Karsau zur Teilnahme am Vereinsfest;26.05.1938;;210;;Nein;;
Rücktritt Asal als Schriftführer;25.03.1938;;211;;Nein;;
Beitragsaufforderung des Sängerkreises 2 im Gau XV des Deutschen Sängerbundes an den Männergesangverein;04.03.1938;;212;;Nein;;
Anweisung zur Einhaltung von Brandschutzvorschriften bei Karnevalsveranstaltungen durch Bürgermeister;10.02.1938;;213;;Nein;;
Übersendung Ehrenabzeichen und Zahlungsaufforderung wegen 5. jähriger Mitgliedschaft im Badischen Sängerbund;16.12.1937;;214;;Nein;;
Information über Winterspende  und Antragsverfahren für den Sängerdank beim DSB;08.11.1937;;215;;Nein;;
Bitte um Winterspende an Vereinsmitglieder;18.10.1937;;216;;Nein;;
Erinnerung an die Bestellungspflicht der 'Deutschen Sängerbundes-Zeitung' für Vereine durch DSB;15.12.1937;;217;;Nein;;
Abschrift Bekanntgabe zur Genehmigung von Tanzstunden des Badischen Bezirksamt an Bürgermeister (1937);21.07.1937;;218;;Nein;;
Aufruf zur Teilnahme an der Reichsstraßensammlung für WHW und öffentlichem Singen durch Sängerkreis Waldshut;17.03.1937;;219;;Nein;;
Informationsbrief zu Preisen für Ehrenantrag beim Badischen Sängerbund;08.11.1937;;220;;Nein;;
Aufruf zur Meldung Gefallener Vereinsmitglieder im Ersten Weltkrieg durch Kreisführer;28.09.1937;;221;;Nein;;
Beschwerde von Fritz Jung an Vereinsführungen Appell zur Einhaltung der Sängerdisziplin;31.08.1937;;222;;Nein;;
Informationen zur Planung Besichtigung Salinen von Bad Dürrheim;23.08.1937;;223;;Nein;;
Mitgliedsschein N° 16228 im Deutscher Sängerbund, Fachschaft Männerchöre in der Reichsmusikkammer;01.07.1937;;224;;Nein;;
Offerte Omnibusfahrt nach München durch Fritz Zimmermann;21.05.1927;;225;;Nein;;
Erlaubnis Öffentliche Tanzstunde durch Bezirksamt (1937);14.05.1937;;226;;Nein;;
Offerte Omnibusfahrt nach München durch Reinhard&Cie.;23.03.1937;;227;;Nein;;
Erlaubnis Öffentliche Tanzstunde durch Bezirksamt (01.1937);25.01.1937;;228;;Nein;;
Korrespondenz zum Monatsausweis Reichsmusikkammer für Februar 1937;02.03.1937;;229;;Nein;;
Betreff Sängergroschen, Beitragserhebung für deutschen Sängerbund;04.03.1937;;230;;Nein;;
Ankündigung zur Beschaffung neuer Chorwerke und Veranstaltungen im Sängerkreis;20.02.1937;;231;;Nein;;
Schreiben zur Berichtigung der Ehrenurkunde des Herrn Billiger;07.01.1937;;232;;Nein;;
Durchschlag Sängerkreisführer für Formulare Bestandserhebung 1937;23.12.1936;;233;;Nein;;
Bestätigung von Spende 50 Liter Freibier durch Brauereigesellschaft Riegel, ehm. Meyer&Söhne Karlsruhe zu Kameradschaftsabend;23.12.1936;;234;;Nein;;
Bitte um Durchführung Weihnachtssingen im Namen von Dr. Goebbels;14.12.1936;;235;;Nein;;
Absage von Fr. Hürzeler aus Bern an den Männerchor Murg für eine Einladung;23.10.1936;;236;;Nein;;
Rundschreiben des Sängerkreis II im Badischen Sängerbund an die Vereinsführer zu Veranstaltungen und Pflichten;29.09.1936;;237;;Nein;;
Aufforderung zur Umsetzung der Pflichten aus Rundschreiben durch Kreisführer;14.08.1936;;238;;Nein;;
Aufforderung zur Gehaltsangabe von Dirigent Wolf durch Reichsmusikkammer;07.12.1936;;239;;Nein;;
Auflistung Vereinskosten und Übersendung STAGMA Ausweis durch Kreisrechner;24.10.1936;;240;;Nein;;
Rechnung Eugen Schidhäussler Vereinsabzeichenfabrik Pforzheim;12.10.1936;;241;;Nein;;
Bitte um Vervollständigung der Papiere von Dirigent Wolf durch Reichsmusikkammer;21.10.1936;;242;;Nein;;
Eingangsbestätigung wegen Ehrungsurkunde durch Badischen Sängerbund;19.10.1936;;243;;Nein;;
Ankündigung zur Einführung eines Stimmbildungskurses und zur Vereinheitlichung der Chorausbildung im Badischen Sängerbund;05.10.1936;;244;;Nein;;
Dankschreiben für Teilnahme an 50-Jahrfeier der Gründung des „Deutscher Reichskriegsbund (Küffhäuserbund) e.V. Kriegerkammeradschaft Murg;24.09.1936;;245;;Nein;;
Handschriftliche Postkarte;04.09.1936;;246;;Nein;;
Verlegung des Hotzengau-Sängerfests Oberhof und Teilnahmeerwartung an Vereinsführer des Sängerkreis 2;18.07.1936;;247;;Nein;;
Information II zur Verlegung Hotzengau-Sängerfests Oberhof durch Gesangsverein Oberhof;19.07.1936;;248;;Nein;;
Handschriftlicher Brief zur Kenntnis [in Sütterlin];22.07.1936;;249;;Nein;;
Bundesabzeichen und Ehrennadeln für Burger und Bär durch Sängerbund;02.07.1936;;250;;Nein;;
Information I zur Verlegung Hotzengau-Sängerfests Oberhof durch Gesangsverein Oberhof;04.07.1936;;251;;Nein;;
Aufruf zur Teilnahme an Gesangfesten und Erinnerung an Beitragszahlungen im Sängerkreis 2 ;23.03.1936;;252;;Nein;;
Dank für Teilnahme an 10-Jahresfeier des Schützenvereins Murg;26.05.1936;;253;;Nein;;
Einladung von Theodor Enderle an Männerchor Murg zum Sängertreffen in Todtnau;17.03.1936;;254;;Nein;;
Information zu Verzögerung bei Rückmeldung durch Firma BADO (Baumgartner-Dossenbach);05.02.1936;;255;;Nein;;
Bestätigung Teilnahme 28 Sänger bei Bezirkssängerfest Oberhof;06.05.1936;;256;;Nein;;
Antwortschreiben des Dirigenten des Gesangvereins Schachen an den Männerchor Murg über eine geplante Maibummel-Teilnahme;08.05.1936;;257;;Nein;;
Aufforderung zur ausstehenden Bezahlung von Sammelquartieren bei Sängerbundfest in Karlsruhe;28.02.1936;;258;;Nein;;
Anweisung des Arbeitsamts Lörrach an Walter Wolf zur Weiterleitung von Unterlagen an die Reichsmusikerschaft;05.02.1936;;259;;Nein;;
Durchschlag Einladung zu Vorstandssitzung im Nebenzimmer Gasthaus Murgtal;07.03.1936;;260;;Nein;;
Anweisung von Kreisrechner Schauenburg an den Männergesangverein zur Beitragszahlung und Abführung der Sängergroschen (1936);28.02.1936;;261;;Nein;;
Einladung an Herrn Mutter zur Mitgliedschaft und Teilnahme an Fastnachtsveranstaltung ;04.02.1936;;262;;Nein;;
Anweisung von Sängerkreisführer Wendling an die Vereinsführer zur Teilnahme an der WHW-Sammelaktion am 1. Januar 1936;23.12.1935;;263;;Nein;;
Aufforderung von der Bundesgeschäftsstelle an den Männerchor Murg zur Einhaltung des Pflichtbezugs der 'Deutschen Sängerbundes-Zeitung' (1935);15.09.1935;;264;;Nein;;
Durchlag einer Bitte um Spende von Freibier an Brauerei Mutschler, Waldkirch im Breisgau;23.12.1936;;265;;Nein;;
Dank für Rolle in Konzert an Frau o. Lüthy-Vogel;01.12.1935;;266;;Nein;;
Erlaubnis Öffentliche Tanzstunde durch Bezirksamt (11.1935);21.11.1935;;267;;Nein;;
Absageschreiben von Bürgermeister Josef Fricker an Ed. Asal bezüglich der Einladung zu einem Familienabend des Männerchor Murg;22.11.1935;;268;;Nein;;
Bitte um Vereinsberichte an Bürgermeister Grass für NS-Press „Alemanne“;01.11.1935;;269;;Nein;;
Anweisungen von Sängerkreisführer Wendling an alle Kreisvereine zu Notengabe und WHW-Wohltätigkeitsveranstaltungen;15.11.1935;;270;;Nein;;
Anfrage von Bezirksführer A. Mutter zur Klärung einer Beschwerde der Brauerei Höpfner, Karlsruhe;27.10.1935;;271;;Nein;;
Abschrift des Gesetzes über Vermittlung von Musikaufführungen durch STAGMA;31.08.1935;;272;;Nein;;
Information des Bürgermeisters zu neuen Vertrag für öffentliche Werbung/Anschlagwesen;30.09.1935;;273;;Nein;;
Handschriftlicher Brief aus Albruck;23.08.1935;;274;;Nein;;
Einladung des Gesangvereins Schopfheim an den Männerchor Murg zur Teilnahme am 100-jährigen Jubiläum und Kreissängertag in Schopfheim (1935);30.11.1934;;275;;Nein;;
Erinnerung von Kreisrechner des Sängerkreis Waldshut an die Führer und Rechner der Kreisvereine zur Ablieferung des Sängergroschens für das 1. und 2. Quartal 1935;12.06.1935;;276;;Nein;;
Aufforderung von Kreisführer Wilhelm Wendling an alle Vereinsführer und Chormeister zur Abgabe der Bestandserhebung und Teilnahmebestätigung für das Badische Bundessängerfest;12.01.1935;;277;;Nein;;
Austrittsschreiben von Otto Laule an den Männerchor Murg wegen Wegzug und veränderter Arbeitsverhältnisse;01.05.1935;;278;;Nein;;
Bestätigung einer Spende 40 Liter Freibier durch Brauereigesellschaft Riegel, ehm. Meyer&Söhne Karlsruhe;31.01.1935;;279;;Nein;;
Anweisung von Sängerkreisführer Wendling an die Vereinsführer zur Mitwirkung der Männergesangvereine am „Nationalen Feiertag des deutschen Volkes“ am 1. Mai 1935;12.04.1935;;280;;Nein;;
Kostenerhebung Vereinsbeitrag zum Deutschen Sängerbund;12.03.1935;;281;;Nein;;
Dringende Aufforderung von Kreisführer Wendling an E. Asal, Führer des Männerchor Murg, zur Rücksendung der Bestandsaufnahme der Sängerzahl;06.02.1935;;282;;Nein;;
Rücktrittsschreiben von Theodor Enderle jr. als Dirigent des Männerchor Murg aufgrund Wegzugs durch Berufswechsel;01.01.1935;;283;;Nein;;
Genehmigung „Maskenball“ im Murgsaal durch NSDAP Ortsgruppenleiter Geiler;01.02.1935;;284;;Nein;;
Rundschreiben von Bezirksführer Otto Buchter mit Verfügungen des Sängerbezirk Oberrheingau über die Durchführung von Veranstaltungen;29.11.1934;;285;;Nein;;
Anfrage von Fritz Jung an den Männerchor Murg um Befreiung von Vereinsverpflichtungen aufgrund Kriegsverletzung;29.11.1934;;286;;Nein;;
Postkarte von Kurt Layer mit Informationen zu seinem Konzertbesuch;15.11.1934;;287;;Nein;;
Genehmigung Konzert im Murgsaal durch NSDAP Ortsgruppenleiter Geiler;17.11.1934;;288;;Nein;;
Formular zu Vereinsbeiträgen vom deutschen Sängerbund;12.11.1934;;289;;Nein;;
Abschrift des Reichstheatergesetzes zu Aufführungen durch Bürgermeister;03.09.1934;;290;;Nein;;
Information des Bürgermeisteramt zur Umwidmung von Zinsen der Gustav-Will Stiftung für Polizeiorchester am Reichsparteitag;27.08.1934;;291;;Nein;;
Mitteilung von Kreisführer E. Bachmann und Kreisrechner L. Feßenbecker an die Vereinsführer des Sängerkreises III (Lörrach) zur Absage der Auto-Sonderfahrt und Dringlichkeit der Beitragszahlungen;12.09.1934;;292;;Nein;;
Offerte für Ausflug Männerchor  von Leo Zimmermann an Betriebsleiter Habig;24.08.1934;;293;;Nein;;
Bestätigung von Leo Zimmermann an Herrn Habig zur Bereitstellung eines Höhenwagens und Vertragsrücksendung;25.08.1934;;294;;Nein;;
Vertrag über Transport mit Höhenwagen von Leo Zimmermann und Männerchor;24.08.1934;;295;;Nein;;
Notiz zum Fernbleiben der Vorstandssitzung und Niederlegung des Vorstandsamthes von Theodor Enderle an Asal;20.08.1934;;296;;Nein;;
Information zum Verschieben des Bezirkssängerfest 1934 von Bezirksführer Mutter und Vereinsführer Gerspach des Männergesangverein Binzgen;08.08.1934;;297;;Nein;;
Anweisung von Kreisführer Wilh. Wendling an die Vereinsführer des Sängerkreis Waldshut zur Ausstellung von Vollmachten für die Hauptversammlung in Konstanz;09.08.1934;;298;;Nein;;
Rücktrittsschreiben von Theodor Enderle jr. als Dirigent des Männerchor Murg aufgrund eines anonymen Briefes;25.07.1934;;299;;Nein;;
Information zum Verschieben des Bezirkssängerfest 1934 von Bezirksführer Mutter;03.08.1934;;300;;Nein;;
Notiz zum Austritt von Otto Baumgartner;01.07.1934;;301;;Nein;;
Handschriftlicher Brief von Otto Baumgartner aus Karlsruhe zu seinem Vereinsaustritt an die Sänger;19.06.1934;;302;;Nein;;
Rundschreiben von Kreischormeister August Flaig mit Informationen zu Nürnberger Sängerwoche 1934;undatiert ;;303;;Nein;;
KrankschreibungTheodor Enderle wegen Stimmbandentzündung duch Dr. Herr;04.06.1934;;304;;Nein;;
Schreiben von Theodor Enderle an Eduard Asal wegen Absenz wegen Stimmbandentzündung;04.06.1934;;305;;Nein;;
Notiz des Kreisführers Wendling zur Zuteilung des Vereins zum Sängerkreis Waldshut durch DSB;15.06.1934;;306;;Nein;;
Einladung und Anmeldeformular zum 70-jährigen Vereinsjubiläum Gesangverein Fahrnau;undatiert;;307;;Nein;;
Einladung des Männerchor Eiken an den Schweizer Männerchor zur Teilnahme am Talschaftskonzert und Fahnenweihe in Eiken;02.05.1934;;308;;Nein;;
Einladung des Gesangverein Männerchor Hänner an die Bundesvereine zum 10-jährigen Stiftungsfest in Hänner;21.06.1934;;309;;Nein;;
Ankündigung von Bezirksführer Emil Tritsch an die Vereine des Alemannischen Sängerbezirkes über das Bezirks-Sängertreffen in Fahrnau und die Beschaffung von Bundesabzeichen;12.06.1934;;310;;Nein;;
Antwortschreiben von Kreisrechner im Kreis III BB an Eduard Asal über die Zugehörigkeit des Männerchor Murg zum Sängerkreis Waldshut;12.06.1934;;311;;Nein;;
Mahnung von Kreisrechner des Sängerkreis III (Lörrach) an Eduard Asalzur Zahlung des Sängergroschens;09.09.1934;;312;;Nein;;
Rundschreiben des Kreisrechners zur Bezahlung des Sängergroschens 1934;28.05.1934;;313;;Nein;;
Programm zu „Vaterländische Kundgebung“ in Schopfheim durch Bezirksführer Emil Tritsch;24.04.1934;;314;;Nein;;
Einladung von Bezirksführer Emil Tritsch an die Sängerkameraden des Alemannischen Sängergau zur Teilnahme am Nationalsozialistischen Treffen in Schönau (1934);14.05.1934;;315;;Nein;;
Bekanntmachung der Neugründung des Sängerkreis Waldshut und Anweisungen an die Vereinsführer;14.04.2034;;316;;Nein;;
Informationen zu Vereins-Beträgen durch Kreisführer und Kreisrechner an Vereine;21.04.1934;;317;;Nein;;
Erlaubnis I Öffentliche Tanzstunde durch Bezirksamt (1934);19.04.1934;;318;;Nein;;
Bitte I um Teilnahme an Schützenstand-Eröffnung durch Schützenverein Murg;14.04.1934;;319;;Nein;;
Bitte II um Teilnahme an Schützenstand-Eröffnung durch Schützenverein Murg;17.04.1934;;320;;Nein;;
Richtlinien über den Beitragseinzug und seine Berechnung des Basischen Sängerbundes;09.01.1934;;321;;Nein;;
Lieder Vorschlag Frühjahrskonzert ;14.01.1934;;322;;Nein;;
"Chronik - oder aus vergangenen Tagen.
des Männerchor Murg.
gew. von Karl Burger Murg.
Geschichte Gründung Männerchor Murg";01.08.1933;;323;;Nein;;
Unterlagen, Korrespondenz und Planungen des 40 Jährigen Stiftungsfest des Männerchor Murg;21.09.1933;;324;;Nein;;
Durchschlag Erlaubnis II Öffentliche Tanzstunde durch Bezirksamt (1934);;;325;;Nein;;
Erlaubnis II Öffentliche Tanzstunde durch Bezirksamt (1934);01.02.1934;;326;;Nein;;
Einladung zu Weihnachtsfeier mit Feuerwehrmusik durch Gemeinderat an Männerchor Murg;20.12.1933;;327;;Nein;;
Zeitungsbeitrag zum Frühjahrskonzert des Männerchor Murg;04.05.1934;;328;;Nein;;
Öffentliches Plakat des 40 Jährigen Stiftungsfest des Männerchor Murg;undatiert;;329;;Nein;;
Handschriftliches Dankschreiben für Teilnahme an Begräbnis aus Bern;19.12.1933;;330;;Nein;;
Schreiben von Otto Laube zu seinem Rücktritt als Schriftführer;06.12.1933;;331;;Nein;;
Handschriftliche Liste mit Abmeldungen vom Vorstand;undatiert;;332;;Nein;;
Bericht der Gleichschaltung des Männerchor Murg mit Liste der neuen Vorstandsmitglieder an Alemannischen Sängergau;30.12.1933;;333;;Nein;;
Verzicht des Alfons Zimmermann auf Vereinsschriftführerschaft wegen fehlender NSDAP Mitgliedschaft;22.12.1933;;334;;Nein;;
Information des Alemannischen Sängergaus zur Durchführung der Vereins Gleichschaltung;03.12.1933;;335;;Nein;;
Erste Vorstandswahl zur Gleichschaltung des Männerchor Murg ;04.12.1933;;336;;Nein;;
Bericht des kommissarischen Vorstands Asal an Alemannischen Sängergau zur Durchführung der geheimen Vorstandswahl zur Gleichschaltung;04.12.1933;;337;;Nein;;
Anordung der NSDAP Ortsgruppenleitung zur „Wahlhandlung“ in der Reichstagswahl ;10.11.1933;;338;;Nein;;
Schreiben von Carl Burger an Eduard Asal über die Übergabe von Akten des Männerchors Murg ;07.11.1933;;339;;Nein;;
Entschuldigungsschreiben an den Vorstand des Männerchors Murg für Nichtteilnahme an Singstunden aufgrund von NS-HAGO Pflichten (Nationalsozialistische Handels-, Handwerks- und Gewerbeorganisation);28.09.1933;;340;;Nein;;
Durchschlag Bitte um Vereinsübersicht im Gau an Fritsch vom Alemannischen Sängergau;;;341;;Nein;;
Broschüre mit Einladung und Programm des 50 jährigen Jubiläumsturnen des Turnverein Murg;undatiert;;342;;Nein;;
Einladung des Gesangverein Frohsinn Harpolingen an die Sangesfreunde zur Feier des 30-jährigen Bestehens;23.06.1933;;343;;Nein;;
Einladung der NSDAP zur Teilnahme an Festzug am Kreisbauerntag in Säckingen ;27.07.1933;;344;;Nein;;
Programm des NSDAP Kreisbauerntag in Säckingen ;27.07.1933;;345;;Nein;;
Ankündigung der Gauleitung des Alemannischen Sängergau für das Gausängertreffen in Wiechs am 28. Mai 1933;30.04.1933;;346;;Nein;;
Entschuldigungsschreiben des Sängerkranz Wehr an die Sangesfreunde in Murg für die Abwesenheit beim Jubiläumskonzert;28.11.1933;;347;;Nein;;
Bitte um Verzicht auf Zinsen der Gustav Will Stiftung zugunsten armer Kinder vom Bürgermeister;27.11.1933;;348;;Nein;;
Nachträgliche Absage der Gauleitung und Gauführer des Alemannischen Sängergau zu 40 Jahr Feier des Murger Männerchores;26.11.1933;;349;;Nein;;
Abschrift NSDAP Rundschreiben № 43/33 für Partei-Weihnachtsfeiern;21.11.1933;;350;;Nein;;
Handschriftlicher Brief  aus Murg an Männerchor Murg;20.11.1933;;351;;Nein;;
Einladung zur außerordentlichen Delegiertenversammlung des Alemannischen Sängergau in Schopfheim zur Meldung der Gleichschaltung der Gaue und Gauvereine;02.11.1933;;352;;Nein;;
Handschriftlicher Rücktritt als Archivar des Männerchores von Zimmermann;27.10.1933;;353;;Nein;;
Handschriftlicher Rücktritt als Beisitzer des Männerchores von Wassmer und Absenzmeldung für Vorstandssitzung;27.10.1933;;354;;Nein;;
NSDAP Anordnung zur Durchführung der Gleichschaltung der Vereine und Körperschaften durch den Reichsstatthalter;undatiert;;355;;Nein;;
Eilige Mitteilung zur Einreichung des Stiftungsfestprogramms an den Gaupräsidenten und Sängerzeitung;20.08.1933;;356;;Nein;;
Mitteilung zu Fertigstellung einer Chronik;01.08.1933;;357;;Nein;;
Einladung 4. Gauliederfest des Männerchor Eintracht Ersingen wegen 75. jährigem Bestehen;undatiert;;358;;Nein;;
Ehrenurkunde und Glückwünsche für Herrn M. Suter vom Männerchor Murg durch die Gauleitung (1;23.03.1933;;359;;Nein;;
Einladung eines Präsidiums Sängergau zur Generalversammlung des Männerchores Murg;16.03.1933;;360;;Nein;;
Korrespondenz der Gauleitung Alemannischer Sängergau zur Überreichung von Ehrennadeln und Urkunde;15.03.1933;;361;;Nein;;
Genehmigung des Antrags auf Ehrung durch Alemannischen Sängergau;22.02.1933;;362;;Nein;;
Mitteilung des Alemannischen Sängergau über die Anfrage des Männerchor Murg zur Ehrung eines Sängerjubiläums;12.02.1933;;363;;Nein;;
Anfrage des Männerchor Murg zur Ehrung eines Sängerjubiläums an  Alemannischen Sängergau;07.01.1933;;364;;Nein;;
Eingangsbestätigung an Rudolf Weiss;10.04.1933;;365;;Nein;;
Brief von Brauereigesellschaft Meyer & Söhne an Männerchor Murg über die Beschaffung eines Klaviers für die Wirtschaft zum ‚Murgtal';04.02.1933;;366;;Nein;;
Bitte des Männerchor Murg nach Suche von gebrauchtem Klavier durch Braueregesellschaft Meyer&Söhne;02.02.1933;;367;;Nein;;
Verweigerung der Klavierverleihung durch Männerchor Murg und Erinnerung an Brauerei Meyer&Söhne bezüglich Klavieranschaffung;28.03.1933;;368;;Nein;;
Bekanntmachung einer Einladung des Bürgermeisteramt zu Fackelzug wegen neu gewähltem Reichstag;undatiert;;369;;Nein;;
Einladung des Bürgermeisteramt zu Fackelzug wegen neu gewähltem Reichstag;20.03.1933;;370;;Nein;;
Brief an Herr Leider vom Alemannischen Sängergau wegen Ehrennadel und Antragsformular;undatiert;;371;;Nein;;
Bestandserhebung 1933 Badischer Sängerbund;21.02.1933;;372;;Nein;;
Notiz an Rudolf Weiss wegen Organismischem für Familienabend 1933 und Kontrollrecht für Freiwillige Feuerwehr;11.01.1933;;373;;Nein;;
Durchschlag Antwortschreiben an Brauerei Meyer&Söhne (vermutlich wegen Klaviebeschaffung);07.02.1933;;374;;Nein;;
Überreichung des Ehrenbundzeichen an Emil Sutter für 25 jährige Vorstandstätigkeit durch Badischen Sängerbund;26.10.1932;;375;;Nein;;
Brief zur Aushändigung von Antragsformularen für silberne Ehrennadeln von Fritsch, Gauvorsitzender alemannischer Sängergau;05.02.1933;;376;;Nein;;
Rückzahlung von 10 Mark durch Theodor Enderle;31.08.1927;;377;;Nein;;
I Ankündigung Rücktritt als Dirigent von Theodor Enderle;25.12.1929;;378;;Nein;;
II Ankündigung Rücktritt als Dirigent von Theodor Enderle;24.11.1929;;379;;Nein;;
Empfangsbestätigung Antrag Silberne Ehrennadeln vom Alemannischer Sängergau;09.02.1931;;380;;Nein;;
Sendung Antragsformular Silberne Ehrennadeln - Alemannischer Sängergau;15.01.1931;;381;;Nein;;
Konzertplanung des Männerchores und Einladung von  Herrn Stommel;undatiert;;382;;Nein;;
Bestandserhebung und Fragebogen 1927 Deutscher Sängerbund;01.01.1927;;383;;Nein;;
Programm Verfassungsfeier 1930 durch Gemeinderat;05.08.1930;;384;;Nein;;
Einladung zur Hauptversammlung durch Gauleitung Fritsch, Leider;09.11.1930;;385;;Nein;;
Anfrage zur Vergabe der Badischen Sängernadel - Männerchor Murg an alemannischen Sängergau;11.01.1931;;386;;Nein;;
Dankesschreiben für Komposition „Wanderlied“;01.10.1930;;387;;Nein;;
Abmeldung Josef Wassmer von Singstunden und Entschuldigung für Fehlen;01.10.1930;;388;;Nein;;
Austrittserklärung von Theodor Enderle wegen Vorgesetzten;20.07.1927;;389;;Nein;;
Aufruf zum Probebesuch an Max Döbele;20.09.1930;;390;;Nein;;
Aufruf zum Probebesuch an Josef Wassmer;20.09.1930;;391;;Nein;;
Anfrage zu Karl Burgers Beitrittsdatum im Verein Liederkranz Waldshut;03.01.1932;;392;;Nein;;
Planung und Programm der Fastnachtsveranstaltung 1932 an die Vorstandsmitglieder durch Carl Burger;03.01.1932;;393;;Nein;;
Bestandserhebung und Fragebogen 1932 Deutscher Sängerbund;01.01.1932;;394;;Nein;;
Ablehnung des Amts als Pressewart und Rückzug aus Vorstandssitzungen von Alfons Zimmermann;24.05.1932;;395;;Nein;;
Einladung 70-jähriges Vereinsjubiläum Liederkranz Wehr;25.05.1932;;396;;Nein;;
Einladung und Programm zum 70-jährigen Jubiläum und Sängertreffen - Gesangverein Wieslet;10.04.1932;;397;;Nein;;
Anfrage der Freiwillige Feuerwehr-Musik Murg zur Teilnahme am Heimatabend und Aufführung eines neuen Stücks ;30.06.1932;;398;;Nein;;
Rückmeldung an Rudolf Weiss zur musikalischen Zusammenarbeit zwischen Männerchor Murg und Freiwilliger Feuerwehr Musik Murg für geplante Veranstaltung;07.07.1932;;399;;Nein;;
Arbeitsprogramm und Probenplan für 2. Halbjahr 1932 an Karl Burger von Dirigent Theodor Enderle;12.06.1932;;400;;Nein;;
Antwort Arbeitsprogramm und Probenplan für 2. Halbjahr 1932 von Karl Burger an Dirigent Theodor Enderle;15.06.1932;;401;;Nein;;
Dankschreiben für Einladung und Zusage zu 70 jährigem Stiftungsjubiläum Liederkranz Wehr 1932;29.05.1932;;402;;Nein;;
Information an Männerchor Vorstand zu Einladung zum 70-jährigen Stiftungsfest des Liederkranz Wehr und Teilnahmevorschlag;29.05.1932;;403;;Nein;;
I Zeitungsbericht über Schlägerei mit Beteiligung von Mitgliedern des Männerchors in Laufenburg;undatiert;;404;;Nein;;
II Zeitungsbericht über Schlägerei mit Beteiligung von Mitgliedern des Männerchors in Laufenburg;undatiert;;405;;Nein;;
III Zeitungsbericht über Schlägerei mit Beteiligung von Mitgliedern des Männerchors in Laufenburg;undatiert;;406;;Nein;;
Ehrungs-Antrag für Binkert und Habig beim Alemannischen Sängergau;30.01.1933;;407;;Nein;;
Rechnung für Konzert an Freiwillige Feuerwehrmusik Murg (Rudolf Weiss) von Männerchor;18.01.1933;;408;;Nein;;
Fragebogen für 1933 Deutscher Sängerbund;undatiert;;409;;Nein;;
Bitte um Klärung von Ehrungen für Emil Sutter durch Badischen Sängerbund (Metzger);13.10.1932;;410;;Nein;;
I Stellungnahme des Männerchores zur Bitte um Klärung von Ehrungen für Emil Sutter durch Badischen Sängerbund (Metzger);27.10.1932;;411;;Nein;;
II Stellungnahme des Männerchores zur Bitte um Klärung von Ehrungen für Emil Sutter durch Badischen Sängerbund (Metzger);14.10.1932;;412;;Nein;;
Antwort auf Einladung zum Gartenfest von Schwarz-Rot-Gold Banner Ortsgruppe Murg anlässlich Verfassungstag 1931;08.08.1931;;413;;Nein;;
Dankschreiben vom Bürgermeisteramt für Zuwendungen an Notgemeinschaft;02.11.1931;;414;;Nein;;
Abmeldung Josef Fricker als Passivmitglied;28.10.1931;;415;;Nein;;
Bestätigung des Empfangs von sieben Reichsmark für „Wiener Angelegenheit“ des Deutschen Sängerbundes;11.08.1931;;416;;Nein;;
Dankschreiben und Absage des Bürgermeisters für Hauptversammlung des Männerchores;07.11.1931;;417;;Nein;;
Abmeldung Fritz Bossert als Vereinsmitglied;07.11.1931;;418;;Nein;;
Bitte um Listenführung als Passivmitglied von Erwin Leser;01.10.1931;;419;;Nein;;
Einladung zur Hauptversammlung vom Alemannischer Sängergau;17.10.1931;;420;;Nein;;
Protokoll der Vorstandssitzung vom 19.08.1931 im Gasthaus zum Murgtal;19.08.1931;;421;;Nein;;
Absprachen zur Aufführung „Der Rose Pilgerfahrt“ für Saal;09.10.1932;;422;;Nein;;
Bitte um Ehrung des Emil Sutter an Leidner des Alemannischen Sängergaus;25.09.1932;;423;;Nein;;
Aufforderung zur Begleichung offener Verpflichtungen des Wiener Sängerbundesfests - Deutsche Sängerbund;21.11.1930;;424;;Nein;;
Werbemittel mit Gebrauchsanweisung und Produktinformationen zum Leitz-Ordner;undatiert;;425;;Nein;;